patient_id,mean_news2,max_news2,n_visits,last_news2,mean_hi_score,last_hi_score,total_visits
100006488,1.0909090909090908,2,11,0,85.77818181818182,100.0,40
121717556,2.0,2,6,2,98.75999999999999,100.0,2
121931940,2.0,2,4,2,99.288,100.0,6
121987152,2.0,2,4,2,93.46,100.0,9
130517974,0.75,2,8,2,81.24764705882353,100.0,81
