patient_id,mean_sofa,max_sofa,n_visits,last_sofa,mean_hi_score,last_hi_score,total_visits
97846454,0.0,0,3,0,,,
100006488,0.0,0,38,0,85.77818181818182,100.0,40.0
100643634,0.0,0,15,0,82.41,81.49,14.0
121717556,0.0,0,7,0,98.75999999999999,100.0,2.0
121931940,0.0,0,10,0,99.288,100.0,6.0
121987152,0.0,0,12,0,93.46,100.0,9.0
130517974,0.0,0,60,0,81.24764705882353,100.0,81.0
